,LotArea,OverallQual,OverallCond,YearBuilt,GrLivArea,FullBath,BedroomAbvGr,TotRmsAbvGrd,GarageCars,SalePrice
0,16295,2,3,1954,4176,3,1,4,3,104213
1,1360,5,9,1922,2926,2,3,5,2,426053
2,5890,1,3,1931,572,3,5,10,2,325170
3,12464,7,5,1961,3462,1,3,6,2,288697
4,11784,1,9,1973,1359,2,4,9,2,397328
5,6765,4,3,1909,4356,1,3,7,2,55435
6,17350,9,7,1999,4638,1,4,4,0,189565
7,4926,1,1,1971,2924,3,5,9,3,253299
8,14923,4,4,1953,1564,3,5,13,2,371465
9,11863,6,4,1951,2717,1,1,10,3,445979
10,16523,6,7,1919,4517,1,4,9,1,332533
11,8822,8,8,1931,2759,2,4,5,2,81498
12,2185,1,1,2013,4251,3,2,12,2,375899
13,1269,7,5,1913,2586,2,2,7,3,413689
14,2933,1,7,1949,868,2,2,2,2,85825
15,5811,7,4,1927,3304,2,3,5,2,329078
16,5551,3,4,2009,650,1,2,9,2,55574
17,6920,8,4,2015,1634,2,4,2,0,180698
18,18068,3,6,1952,3284,2,3,4,0,219251
19,6896,1,7,1923,4664,1,5,2,2,444803
20,9166,8,2,1978,2846,3,1,10,0,92782
21,19442,3,5,1921,2750,3,2,3,1,497628
22,18931,2,4,1929,560,2,5,10,2,110561
23,3247,1,3,1962,3510,1,4,5,1,447625
24,689,3,7,1903,4401,3,1,3,3,439303
25,19618,2,6,1976,1837,2,5,5,1,76751
26,3505,2,7,1958,1684,2,1,13,3,350318
27,2399,6,5,1986,4926,1,2,12,2,434822
28,1767,1,6,1907,2051,2,4,12,3,106572
29,18412,2,5,1981,4933,3,1,11,3,373560
30,11894,6,7,1911,2129,1,5,7,1,455257
31,4056,3,2,2018,1827,3,2,12,1,466443
32,4390,4,5,1930,2026,3,2,8,1,347345
33,9338,1,6,1977,2173,3,5,4,2,86069
34,15002,8,6,1933,1861,2,5,4,2,263262
35,11127,7,5,1981,2073,2,1,13,1,338514
36,9292,7,7,2019,3186,3,3,11,2,276090
37,11055,3,8,1997,4870,3,2,13,2,437486
38,10753,3,7,1974,2866,1,1,9,3,308245
39,8933,2,5,2004,4257,1,5,6,3,454802
40,10733,1,1,1975,2934,2,1,5,1,231303
41,11516,7,5,1948,2493,2,5,8,2,437902
42,3112,7,2,1978,1369,1,4,8,3,448538
43,16287,2,5,1956,1514,3,5,10,0,377438
44,17659,7,5,1994,2411,2,5,10,2,129468
45,12706,8,2,2012,1102,3,5,6,0,210371
46,8726,1,5,1992,4321,1,3,13,1,140715
47,15041,9,4,1925,1190,2,5,9,2,120793
48,3652,7,1,1917,993,2,2,11,1,489717
49,2085,3,3,1995,989,1,2,2,1,238206
50,4443,8,1,1985,3056,2,1,10,1,161672
51,19957,7,5,1937,4985,1,3,9,1,452993
52,1521,8,4,1980,794,2,1,7,1,192321
53,12153,6,7,1986,4527,1,2,4,2,170902
54,11305,9,5,1987,3343,2,2,4,0,71390
55,13917,5,4,1949,3412,3,4,9,2,70369
56,8489,3,2,1907,2217,3,5,6,2,193953
57,10192,3,4,1940,3096,3,2,11,2,321731
58,13490,1,2,1905,2373,2,1,12,3,274872
59,7373,8,8,1968,3758,2,1,8,3,419153
60,6175,2,3,1943,3317,3,5,6,2,288634
61,661,3,9,2020,944,3,5,9,0,451049
62,4797,8,4,1963,4141,1,4,11,2,97013
63,1495,8,6,1928,4958,1,3,11,1,167341
64,12034,4,5,1927,1241,1,1,5,3,439929
65,8129,4,1,1910,2541,3,5,3,3,244692
66,1516,5,9,2020,1179,3,1,4,2,196826
67,9029,6,1,1964,2967,3,5,9,2,157584
68,17762,5,8,2006,4197,1,2,12,0,128113
69,9768,7,9,1918,1858,2,1,8,0,398928
70,12685,2,9,1908,562,3,2,3,1,85282
71,6831,7,1,1926,3059,2,1,7,2,217809
72,9071,7,2,1933,4269,2,3,10,2,336268
73,7708,1,1,1943,4851,2,4,5,2,382246
74,5776,7,2,1967,634,1,2,10,3,445412
75,18946,5,8,1999,4144,2,5,3,1,373671
76,16948,3,5,1981,2635,3,3,3,0,442515
77,16716,3,7,1914,3778,1,1,10,3,443086
78,8506,4,2,1950,1322,3,2,13,3,146651
79,3068,2,8,1912,3574,3,1,8,3,296549
80,2527,2,6,1982,3481,1,1,8,3,135395
81,3195,1,8,1948,620,3,1,2,1,61345
82,15922,5,1,1969,2137,3,4,12,2,436688
83,5758,4,1,2011,1424,1,4,7,0,346221
84,7236,2,7,1955,1144,3,5,8,0,442573
85,891,3,8,1975,2532,2,2,12,3,247472
86,14486,7,3,1950,3261,3,3,7,3,62055
87,13166,7,5,1936,2568,2,3,7,1,415837
88,6392,4,1,1916,741,3,3,3,3,135283
89,4061,5,7,1957,3168,1,1,7,0,94484
90,6684,5,5,1986,1302,1,4,5,0,127514
91,19983,6,8,1989,4664,3,2,10,2,140135
92,8892,9,8,1928,695,1,1,13,2,347915
93,13567,2,9,1932,2687,3,4,2,0,238726
94,15765,5,7,1959,4015,1,4,9,0,489756
95,19988,3,1,1990,2830,2,2,6,1,264223
96,2954,4,3,1988,2859,3,2,2,1,422428
97,12337,6,8,2019,4106,2,2,5,0,167399
98,14539,8,3,1954,776,2,1,2,3,417029
99,19615,1,8,1909,560,3,5,7,2,472593
100,11465,8,1,1946,3890,2,2,3,0,230645
101,10262,7,5,1922,2413,3,5,6,3,223805
102,5556,1,4,1984,4427,2,1,8,0,179344
103,15448,2,5,1920,3091,3,5,3,2,192832
104,8610,3,8,2006,1066,3,3,7,2,163226
105,14273,1,4,1912,4435,1,5,7,1,149250
106,17912,9,4,2000,2071,3,2,6,1,337906
107,1002,8,3,1932,1700,3,1,6,1,232058
108,7410,2,7,1923,4909,2,2,4,1,215404
109,13185,9,3,2007,3354,3,3,11,2,221172
110,706,7,3,1910,3395,1,2,11,3,186016
111,18368,9,5,1916,1736,2,2,12,3,98825
112,16434,6,5,1967,636,2,2,13,3,63877
113,17747,6,6,1946,1529,1,4,3,0,473206
114,19674,4,8,1924,2656,2,3,8,1,179065
115,9255,2,6,1993,3094,2,2,2,1,158443
116,12883,7,1,1972,1161,2,2,7,2,411756
117,18641,5,8,1920,2972,2,2,7,2,167674
118,15320,6,8,1983,3177,1,1,4,0,165074
119,8074,2,9,1982,2808,1,4,3,0,498499
120,6874,5,9,1982,586,2,1,13,3,446474
121,2178,4,2,1911,3012,2,4,3,2,301881
122,1559,9,2,1936,3442,1,2,10,1,81629
123,16698,6,3,1941,3273,1,3,12,3,480795
124,10414,2,1,1916,3004,1,5,6,1,204030
125,11317,1,4,2000,3810,2,5,8,3,482681
126,11421,5,4,2017,2200,2,2,13,1,327919
127,10289,9,9,1947,4170,3,1,6,0,215279
128,16812,6,9,2002,3200,1,3,8,3,465769
129,11752,7,9,1927,4129,2,4,5,1,496848
130,3193,5,7,1940,2147,1,2,9,1,312199
131,14431,6,2,1998,3818,2,3,12,2,299084
132,4127,5,5,1946,4187,1,3,11,3,138697
133,16657,9,4,2011,1096,2,4,12,1,213945
134,10673,6,8,1917,984,3,3,11,2,151505
135,18547,8,2,1977,1145,3,1,8,1,392864
136,10730,2,6,1998,3589,1,1,11,3,247277
137,16207,9,5,2007,4884,2,1,6,0,390343
138,11994,5,2,2004,1220,2,3,12,3,206390
139,1806,7,1,1970,998,1,1,7,3,83734
140,7276,1,8,2004,2173,2,4,6,1,263299
141,9974,5,2,1912,3567,1,3,8,1,199594
142,8026,2,7,1981,614,2,5,13,3,192728
143,6030,6,9,2000,3479,1,3,3,2,196965
144,4248,1,9,1912,2236,2,4,6,2,328637
145,14045,3,8,1999,4111,1,5,11,2,446848
146,1163,5,9,1930,2753,2,3,4,1,145872
147,2498,4,2,1901,2794,3,1,10,1,373923
148,8494,3,6,1915,4130,2,2,7,3,219524
149,18379,5,4,1908,646,1,2,11,0,194338
150,3804,8,4,1972,4482,3,1,4,1,433331
151,18737,4,5,1937,3953,2,2,8,3,166603
152,14308,1,3,1974,2910,3,2,5,3,373751
153,7085,7,1,1953,636,2,1,4,0,66940
154,18175,8,8,1955,3860,3,1,9,2,205075
155,12149,3,5,1985,3505,1,3,5,3,177880
156,2136,6,3,1996,4052,2,3,12,3,148408
157,17582,2,7,1999,518,2,1,2,3,346959
158,5237,7,7,2008,2742,1,4,7,2,211941
159,15055,8,1,1986,948,3,2,11,2,99297
160,14377,6,9,1944,2448,1,3,12,0,110107
161,1354,6,2,2008,1445,1,2,12,1,394937
162,6355,5,5,1933,4736,3,5,2,2,459898
163,7892,8,5,1908,2420,1,1,6,1,69622
164,14449,1,8,1987,3477,2,4,8,1,342552
165,18591,4,8,1907,4688,2,5,7,2,189909
166,6291,4,7,1906,4515,2,5,3,3,196479
167,5431,3,7,1935,738,1,5,12,0,210381
168,702,3,6,1917,704,2,1,5,1,143190
169,11947,4,6,1902,3107,2,3,12,3,462111
170,13188,1,9,1927,4840,2,1,3,2,302356
171,4889,2,6,1969,3888,2,3,12,1,267984
172,2827,9,2,2007,3472,2,5,2,1,50370
173,8504,2,2,1943,4890,2,5,4,1,426356
174,19815,5,5,1920,3187,1,4,4,3,312630
175,8277,9,4,1927,4666,2,3,13,3,335906
176,697,9,2,2003,1848,2,5,8,3,76613
177,2430,8,3,1953,4900,3,2,2,1,293876
178,12274,1,7,1953,1316,1,4,10,1,53196
179,15587,1,8,1964,1320,1,1,12,0,276009
180,9839,9,6,1999,692,1,4,7,0,412709
181,12089,8,5,1920,2276,1,2,5,3,388493
182,19395,9,1,2006,4145,2,3,4,3,376983
183,16208,7,8,1998,750,2,1,4,2,485132
184,17543,3,3,1912,2288,3,1,3,3,58572
185,3311,3,6,1956,4200,3,3,3,0,471441
186,14743,2,3,1948,2963,1,4,13,0,95853
187,7046,5,7,2017,1667,3,5,11,0,492606
188,2486,3,7,1953,4393,3,4,6,1,213347
189,8838,6,9,1909,1596,1,2,10,1,384523
190,11911,2,5,1952,3179,1,5,3,3,444321
191,3411,3,8,1943,2347,3,4,3,2,166074
192,2234,5,8,1946,4404,2,3,13,2,93209
193,18727,1,1,1952,1004,3,2,7,2,485703
194,9180,1,5,1973,2121,3,2,11,1,461267
195,19860,9,3,1945,2972,2,2,3,0,144244
196,18843,7,1,1912,3046,2,5,13,0,282067
197,6259,1,4,1936,1887,1,1,5,1,303516
198,2885,8,8,2001,3494,1,5,7,2,258472
199,11611,3,3,1923,4316,3,4,6,2,150300
200,5236,8,2,1901,1217,2,1,2,3,248033
201,2302,5,9,1985,3984,1,4,7,3,426826
202,8655,1,5,1980,4934,3,1,2,2,107175
203,8620,7,7,1999,1158,2,5,4,1,450065
204,7116,5,2,1913,4508,3,2,11,2,151551
205,14757,6,9,1909,4734,1,3,6,3,331120
206,14986,6,9,1934,4264,1,2,11,2,442761
207,17146,8,4,1924,3489,2,5,6,1,411938
208,14575,9,4,1902,2604,3,1,11,0,296984
209,9708,2,6,2010,1755,2,2,7,1,106866
210,16871,9,6,2001,2982,1,5,13,1,167752
211,12335,9,1,1916,883,1,4,11,3,359222
212,13668,7,9,1911,3107,3,3,9,1,303564
213,2549,1,2,1953,693,3,2,6,1,343257
214,5923,7,5,2015,4307,3,1,12,3,296592
215,15089,5,9,1923,4219,2,4,2,3,65401
216,19992,6,4,1928,3081,3,5,6,0,456100
217,7658,7,3,1942,3065,3,3,4,2,265432
218,10748,5,7,1924,3263,1,1,5,1,480779
219,7900,7,6,1999,3298,1,5,9,3,215486
220,10374,9,8,1959,2839,3,5,8,0,197214
221,15651,3,3,1989,3906,3,2,12,2,296200
222,19139,8,5,2001,1231,1,2,6,3,383636
223,1654,2,4,1964,3372,3,1,3,2,260536
224,4999,7,4,1983,3620,2,5,7,2,256329
225,6795,2,4,2018,4677,2,2,12,1,126693
226,12683,4,8,1927,3104,2,3,7,1,85135
227,13374,7,6,1915,2882,3,3,11,3,340006
228,18532,3,3,1946,1031,1,5,11,2,186262
229,6039,2,5,1980,4816,3,2,12,3,120199
230,10137,7,6,2003,1134,3,1,7,3,417510
231,16086,1,5,1991,2269,1,1,10,2,54331
232,3057,8,6,1957,4304,1,1,12,3,233258
233,6092,3,8,1975,2870,1,3,9,2,356792
234,16982,2,7,1926,502,2,2,9,2,340693
235,2700,3,5,2017,705,3,2,2,2,262854
236,14672,5,6,1952,4635,1,3,6,2,75761
237,3461,8,4,1941,3121,3,1,8,0,315406
238,14707,7,9,1958,3390,2,1,7,2,494475
239,12469,7,4,1946,3693,2,5,6,1,384716
240,3369,7,1,1993,3166,1,4,9,1,305792
241,17840,8,7,2004,3806,1,2,4,1,234544
242,14492,1,7,1933,1397,3,2,7,2,400002
243,6199,4,4,1936,1585,1,2,6,1,134667
244,4487,6,3,1905,1779,3,4,9,0,54677
245,13946,9,8,1906,1170,1,5,5,3,254580
246,1718,2,5,1995,2005,3,4,9,2,180334
247,5235,1,7,1995,4075,3,1,11,1,413581
248,11796,2,4,2016,2455,3,1,3,0,493833
249,5055,7,4,1924,749,3,2,10,3,461811
250,9646,3,8,1932,2392,2,3,10,0,110148
251,8550,2,8,1954,3939,3,2,11,1,359070
252,13257,7,2,1957,2353,1,3,11,0,125271
253,17929,2,2,1906,3354,2,4,7,3,84457
254,7393,3,3,2015,2003,2,1,5,1,92531
255,18577,7,3,1956,3885,3,3,5,3,254335
256,14873,4,1,1911,4071,2,4,7,0,178027
257,15065,1,3,1915,4292,3,1,6,2,244243
258,3936,5,6,1979,3926,1,3,7,2,307231
259,9254,9,8,1942,543,3,2,8,2,299301
260,11177,8,6,2016,4112,2,2,8,2,95771
261,6395,9,5,1999,3118,1,2,10,3,143135
262,17109,9,4,1976,3663,3,4,9,2,116354
263,16136,7,3,1906,1788,1,2,7,3,162743
264,7522,4,4,1999,3442,1,5,13,1,294453
265,9651,5,7,2010,719,2,1,7,2,480505
266,6100,1,1,1950,2425,1,4,6,3,83892
267,8496,1,7,1972,3472,2,2,2,2,252268
268,9507,3,1,1931,4013,1,1,10,2,441806
269,13446,8,2,1974,2948,3,3,10,2,145057
270,5142,2,4,1907,3971,1,2,10,3,88409
271,11812,4,1,1996,3274,3,1,12,0,296889
272,8179,2,9,1986,1490,3,5,9,2,477686
273,8708,5,6,1988,3446,1,3,11,2,199457
274,19089,9,1,2019,2312,3,5,4,1,466512
275,11216,1,1,1971,1303,1,1,2,0,430710
276,17953,5,6,1944,989,1,5,12,3,373860
277,3944,9,4,1985,4056,3,1,13,1,401296
278,11257,1,4,1958,1993,3,1,13,2,76382
279,14934,9,6,1903,4145,2,5,9,1,126675
280,1560,8,7,2003,3391,3,1,8,1,72419
281,19211,4,9,1966,2205,2,2,6,2,131238
282,3920,5,5,1928,4016,3,1,11,0,275825
283,801,5,9,2004,3840,1,4,8,0,220363
284,12968,6,4,1928,553,3,1,11,1,324541
285,17490,7,2,1997,3075,1,4,5,2,370032
286,1199,8,3,1997,4091,1,1,10,3,85169
287,690,8,1,1927,1115,1,1,12,1,112182
288,10992,2,6,1976,1454,2,5,11,3,404620
289,17864,9,6,1978,2933,3,2,3,1,354393
290,3475,7,1,1986,2129,1,2,10,1,209413
291,6602,4,3,1943,3281,1,3,10,2,387747
292,18068,4,5,1989,1149,2,5,6,2,227216
293,2316,8,3,1903,2847,3,5,12,3,129360
294,1069,4,3,1989,4990,3,2,2,3,63444
295,5942,6,3,2003,3778,2,5,8,0,488863
296,2395,5,5,1908,3140,2,2,11,2,173662
297,19617,3,5,2018,4301,3,5,11,1,295488
298,4363,2,4,1904,3061,2,1,5,1,148843
299,13413,9,1,1955,3749,3,2,10,0,323118
300,7955,9,5,1995,870,3,2,7,2,162150
301,4514,1,5,1983,1357,1,4,4,1,481599
302,11593,3,4,1949,883,1,5,7,0,306620
303,18570,8,6,1974,4377,3,5,11,0,144826
304,3509,6,4,1914,3052,3,2,7,1,409792
305,17038,5,7,1931,4834,3,1,6,1,275121
306,11229,5,7,1927,4790,3,1,3,3,446172
307,1909,6,2,1921,3225,3,1,11,2,451293
308,12749,7,3,2004,4534,3,5,11,3,348634
309,1284,1,1,1916,3793,2,4,3,0,291435
310,8596,9,8,1958,4751,3,2,8,1,174713
311,8060,3,9,1989,4488,2,3,3,3,105612
312,13033,4,4,2007,1422,2,4,13,0,150474
313,7843,1,6,1970,3415,3,3,7,2,348303
314,7706,3,9,2005,3450,3,4,6,1,89710
315,6301,2,6,1956,3546,2,1,5,3,457022
316,19690,2,9,1925,1474,2,5,8,2,163096
317,17421,1,4,1924,1730,3,3,9,3,259417
318,6486,8,8,1909,2935,3,4,5,0,261463
319,18725,3,9,1944,2314,2,5,2,2,419556
320,11147,3,4,1982,3434,2,3,2,3,144924
321,9216,6,5,1910,1863,2,2,2,2,318602
322,19834,8,8,1976,4440,1,4,12,0,443137
323,12823,9,6,1952,703,2,2,2,2,347668
324,5280,9,7,1971,660,1,1,6,3,187925
325,2868,4,3,2003,4987,3,2,5,0,352621
326,12539,5,7,1967,1268,3,2,10,1,344366
327,7155,2,8,2010,4248,2,4,4,3,68320
328,8673,9,6,1994,3081,3,1,8,3,144154
329,4995,8,9,1927,1593,3,2,12,0,102243
330,11393,3,6,1974,1107,3,5,9,0,226687
331,13903,9,9,2006,2040,3,3,7,1,460568
332,13621,3,4,1964,3375,1,2,13,3,122833
333,11466,9,8,1948,3691,1,1,11,0,143476
334,1353,2,4,1946,2337,2,2,2,1,164560
335,17458,9,2,1951,1189,2,3,9,1,446419
336,18032,8,9,2001,4259,2,1,11,0,351411
337,10407,9,5,1987,3449,3,4,4,3,87941
338,5277,5,4,1953,2603,3,1,9,2,394953
339,15838,2,2,1959,865,1,4,13,2,75368
340,2991,8,1,1956,4075,1,1,5,1,389330
341,15828,6,7,1946,4699,2,3,9,2,343128
342,15099,8,6,1930,4672,1,3,12,2,485157
343,3551,5,2,2004,4825,1,1,2,0,253990
344,16479,2,8,1945,2878,1,2,4,1,495899
345,16888,6,4,2013,1705,1,3,7,3,307481
346,1376,5,8,1925,4339,1,4,10,1,50801
347,4642,5,7,2012,3235,2,4,3,0,156538
348,15702,1,5,2013,3847,2,5,12,2,424345
349,7466,2,8,1904,2175,1,4,2,3,360109
350,7579,8,9,1983,798,2,5,11,1,135269
351,8487,3,5,1951,1456,3,1,4,2,303765
352,7299,3,5,2004,1614,1,1,5,1,453185
353,4965,8,2,1974,3005,3,1,12,3,348113
354,17519,8,5,2019,1974,2,2,6,1,475665
355,13917,2,3,1953,4960,2,2,4,1,141679
356,18577,8,7,1932,4946,3,5,11,1,206777
357,8811,1,5,1949,4226,2,4,12,2,241375
358,17714,6,8,1937,3971,1,4,3,3,340507
359,14598,8,1,1926,3328,3,1,3,3,211792
360,5677,3,3,1997,3350,1,3,8,2,453188
361,14762,8,3,1914,3006,3,2,10,2,83351
362,8808,1,9,1995,4270,2,2,11,2,161023
363,6449,9,5,1960,3464,3,1,3,0,217217
364,19722,9,9,1920,1449,3,2,8,1,137948
365,1650,5,9,1945,3350,1,1,8,1,270686
366,2431,4,1,1968,665,2,5,12,3,269188
367,9704,6,2,1905,3986,1,4,8,1,368379
368,18548,7,5,1937,3009,2,3,4,0,326999
369,1581,5,4,1961,1419,1,4,13,2,479385
370,17396,9,9,1985,613,3,4,8,3,311677
371,13907,3,7,1961,4004,1,5,2,3,227476
372,8305,7,6,1981,1491,2,2,11,1,200641
373,5737,5,7,1977,4339,2,3,2,3,175074
374,17443,7,1,1973,1758,3,2,6,2,310078
375,13275,2,1,1945,3926,2,4,3,3,104437
376,16744,4,8,1912,1014,1,1,10,2,491722
377,13684,2,2,1994,3696,3,4,8,0,206810
378,3843,7,9,1993,4934,2,2,5,0,449988
379,14000,2,7,1902,3084,2,4,5,2,140410
380,10162,1,6,1993,567,1,1,3,1,69731
381,17464,9,1,1905,2096,1,5,6,3,191203
382,15625,1,1,1992,4978,3,2,5,1,378468
383,8630,8,2,1907,518,2,4,13,3,235169
384,2179,2,6,1943,3230,1,2,2,0,393864
385,4006,8,6,2008,4021,3,5,13,0,408577
386,13784,3,2,2006,1072,2,4,9,0,315033
387,7753,6,1,2007,2758,2,4,4,3,59569
388,19628,3,5,1932,3402,3,2,7,0,399337
389,9935,7,5,1980,1150,3,2,5,0,256749
390,11810,9,2,2011,3087,1,1,10,0,135192
391,13796,2,6,1974,3762,2,5,8,0,304829
392,19025,5,9,1976,1838,2,1,10,1,137154
393,13745,6,2,1949,4134,2,4,11,0,258542
394,11651,4,2,1910,3327,3,2,4,0,158073
395,10957,4,3,1994,2717,1,4,2,1,269894
396,2979,4,7,1927,4039,2,4,6,1,319756
397,4952,2,6,2007,1537,3,3,4,3,101644
398,6381,4,8,1969,4883,2,3,7,2,82069
399,14569,1,8,1940,4478,1,4,9,0,393885
400,3349,6,6,1915,3461,2,2,12,0,470547
401,7890,1,3,1967,3726,1,4,5,0,368041
402,12422,6,3,1998,1598,1,3,6,3,195006
403,2989,1,1,1947,2824,2,2,6,0,453311
404,10323,6,7,1955,1439,2,4,5,2,414688
405,9707,8,5,1963,4216,1,5,5,1,68706
406,10040,2,4,1958,3914,3,5,5,3,224588
407,16864,2,4,1989,1948,1,4,5,1,153602
408,5111,4,4,1961,1070,2,2,5,0,346773
409,19723,3,6,2020,3404,2,4,6,0,490126
410,6378,4,8,1975,3005,3,4,3,0,174746
411,16847,7,8,1910,1417,1,3,3,2,70431
412,1351,1,5,2000,2374,1,5,10,2,237805
413,18571,6,6,1988,2178,1,3,3,3,90088
414,7333,3,4,1917,1115,2,3,7,1,225207
415,12438,7,9,1918,2249,1,4,3,0,481231
416,2927,2,8,1986,4325,3,3,6,0,281110
417,4500,2,1,1954,4688,2,5,5,0,81385
418,5552,4,2,2001,2977,2,3,13,0,382343
419,3238,1,9,2017,4005,1,5,8,2,350821
420,5887,3,8,1981,3975,3,3,8,1,168104
421,8502,9,3,1925,1635,2,5,7,1,62818
422,6036,7,8,1905,4500,2,3,11,3,375145
423,13979,7,1,1903,874,1,3,6,2,205049
424,4413,4,4,2007,706,1,2,2,0,99832
425,17950,2,3,2014,1819,3,5,13,1,353075
426,11136,4,6,1928,1641,1,5,4,1,133990
427,6226,6,7,1958,3190,3,5,10,2,259966
428,3873,3,4,1997,3755,2,1,2,3,122204
429,12661,1,7,1916,589,3,3,6,3,95784
430,2582,8,9,2006,4608,3,5,3,0,418449
431,16781,5,2,1942,3520,3,1,5,3,59921
432,15805,5,3,2016,2357,2,2,12,1,347103
433,10317,4,5,1979,1304,1,5,2,3,344472
434,11761,6,3,1965,1444,2,5,4,0,452075
435,917,3,8,1933,3289,1,1,11,1,305564
436,9308,9,8,2018,4375,3,3,8,3,139506
437,3767,5,8,1907,2110,3,2,11,3,124408
438,17709,3,9,1912,3423,3,5,4,2,173852
439,6245,1,4,2005,4382,3,3,5,0,265838
440,11838,6,5,1907,3721,3,2,3,3,76708
441,912,2,5,1993,4891,1,4,4,2,68847
442,8043,3,8,1995,2887,1,4,10,1,105989
443,8087,1,7,1999,1441,3,2,4,2,437527
444,1228,9,9,2010,3066,2,1,12,2,54922
445,12157,8,8,1993,1475,2,2,6,3,102335
446,6488,2,2,1964,1454,3,2,3,3,439057
447,19388,8,4,1942,1762,1,1,5,3,456757
448,3467,9,6,1938,1443,2,1,13,2,331695
449,15027,1,2,1980,2702,2,3,8,1,200453
450,19670,5,7,1958,3827,2,3,8,0,425463
451,16548,8,3,1983,4774,3,1,13,2,367817
452,18006,2,3,1987,2759,2,4,4,3,413675
453,18455,4,2,2013,2328,2,4,6,0,72948
454,5573,7,8,1985,1757,2,2,2,1,142264
455,5604,3,6,1992,964,2,5,11,0,109072
456,2643,5,1,1985,3794,1,2,11,3,379704
457,7857,8,1,1943,1730,3,2,11,2,263321
458,12543,3,7,1908,3154,3,5,12,2,183558
459,3940,4,8,1936,1384,1,1,2,3,116691
460,6144,9,5,1973,4305,1,4,6,2,191154
461,11018,7,5,1935,4356,3,2,11,3,414925
462,15052,1,4,2000,3635,2,5,10,2,396249
463,3414,4,6,1991,1424,2,3,2,2,57086
464,14084,4,6,1927,2046,3,2,2,2,439962
465,12644,9,3,1941,1594,2,4,5,1,117853
466,14897,6,9,1942,2911,1,1,5,1,414069
467,9287,9,7,1984,3117,2,2,3,3,382171
468,14691,6,1,1987,1262,2,2,10,1,328060
469,1228,6,7,1941,2823,2,5,10,3,327392
470,18249,5,5,2003,4645,3,3,3,0,336370
471,1198,5,5,1965,3275,1,3,10,0,468241
472,7686,2,2,1954,3655,2,1,7,1,288922
473,15012,8,4,1971,4470,3,4,9,0,98380
474,14423,8,6,1947,2540,2,1,11,0,319992
475,17279,1,7,1990,1083,1,2,5,2,64274
476,7900,8,5,1921,4831,2,2,3,2,366689
477,4671,5,9,2000,2603,1,3,3,3,310115
478,4860,2,3,1926,2442,2,4,10,0,146494
479,3002,2,1,2020,4955,1,5,2,3,165981
480,17601,6,4,1992,609,2,4,13,3,216305
481,19666,9,9,1966,691,1,2,8,0,66304
482,5986,1,4,2007,1403,2,5,12,1,323438
483,8835,6,2,1912,1361,2,4,4,0,338569
484,4991,9,5,1944,1583,3,4,4,2,249783
485,11630,8,3,1909,1149,3,5,3,0,160777
486,8151,6,9,1999,4634,1,2,11,1,452641
487,1667,3,4,1908,4111,2,4,7,3,141549
488,1562,8,6,1953,1136,1,5,11,3,143464
489,19040,9,2,2019,1536,3,2,3,2,488206
490,11674,1,6,2018,4631,1,5,11,2,156748
491,5229,9,3,1926,2648,1,5,5,2,380439
492,9848,6,9,1933,4365,3,4,11,3,328235
493,5834,6,2,2014,3657,2,2,10,2,432087
494,9424,4,9,1900,4087,1,4,10,0,304174
495,4830,1,5,1931,3794,3,1,7,3,181074
496,7301,8,8,1988,4761,2,1,5,1,303890
497,5346,2,2,1992,2930,3,2,8,3,100411
498,7231,1,6,1970,2379,1,5,2,0,484174
499,15868,2,3,2012,4466,2,4,13,0,308901
500,17837,1,5,1966,4213,2,4,5,2,145696
501,3039,1,8,1983,4626,3,2,6,3,201779
502,7556,9,1,1919,4606,3,2,9,3,196320
503,12016,1,5,2016,2511,3,1,13,3,121309
504,11993,4,3,1993,3873,2,3,3,1,259394
505,2042,6,4,1934,2643,2,2,13,2,494936
506,14464,7,2,1998,3000,1,3,6,0,196109
507,18075,2,9,2012,1789,2,2,7,0,117421
508,6813,6,3,2002,1947,1,5,6,2,286436
509,19565,7,2,1990,3699,3,5,10,0,352756
510,18424,2,9,1989,2443,3,1,11,0,63450
511,14307,2,7,1977,3683,2,1,2,2,59491
512,10080,7,6,1916,3716,3,3,4,0,167026
513,18249,1,1,1917,3636,3,2,3,3,124804
514,9191,8,5,1944,3818,2,4,13,1,405437
515,7994,3,3,2015,3282,1,1,4,2,169498
516,4812,6,1,1992,1490,2,4,11,1,288515
517,1824,9,4,1983,2653,1,4,10,0,450007
518,3641,6,2,1952,725,2,2,10,0,417619
519,2310,9,2,1990,1276,2,3,11,3,340458
520,7088,7,3,1981,3337,3,2,3,2,364027
521,19807,9,8,1967,1187,2,1,4,0,399230
522,5801,2,8,1964,1029,2,4,5,2,246701
523,15985,8,7,2013,3942,1,2,10,2,413435
524,12214,8,6,1900,2653,3,2,4,2,292223
525,5248,2,9,1957,1794,1,2,8,2,59967
526,9935,4,4,1925,2026,1,1,13,2,262826
527,4209,7,1,2008,3396,3,3,4,1,355364
528,13616,4,8,1919,3603,3,2,8,3,255235
529,10076,4,7,2015,2940,3,1,8,2,448163
530,10650,6,7,1986,4635,2,4,10,1,220491
531,19956,6,3,1909,4302,3,5,3,0,368275
532,7030,3,4,1958,1344,3,1,7,2,78876
533,10688,9,9,1974,946,3,5,10,0,269516
534,15183,2,6,1940,4415,1,2,13,2,413592
535,1004,6,5,2004,3609,1,2,13,1,201043
536,1714,7,3,1904,1734,2,1,3,1,279192
537,2031,9,9,1964,726,1,5,3,1,361372
538,1323,3,5,1916,4643,2,2,6,3,304767
539,17812,3,5,1921,3459,1,4,11,0,386639
540,5529,7,4,1997,2330,3,3,11,3,302313
541,13928,4,4,2019,4279,1,3,13,2,78261
542,17017,8,1,2008,686,2,2,11,0,156601
543,2605,7,7,1940,3377,1,5,9,1,111260
544,4127,5,9,1992,3035,3,2,12,0,446562
545,13472,7,3,1967,2432,2,5,10,1,106176
546,2352,3,2,1968,3424,3,4,3,3,364444
547,5410,2,3,1910,1348,3,5,6,3,192412
548,11503,6,1,1955,2532,2,2,8,1,345156
549,14343,2,6,1950,1752,3,4,7,1,216465
550,12204,3,7,1920,2381,3,1,7,2,152153
551,16261,6,2,1998,769,1,3,8,3,468773
552,6690,5,8,1975,2130,3,2,4,3,385417
553,18140,8,6,1925,4905,3,2,4,2,424472
554,6145,9,4,2014,3703,3,2,11,3,422448
555,10088,3,5,1918,2074,3,4,10,1,418781
556,12329,3,8,2008,3392,2,1,9,0,198348
557,8553,3,3,1959,2195,1,5,6,0,366783
558,3830,6,3,1970,3758,3,1,7,3,434083
559,19587,1,4,1946,3762,3,4,12,2,57310
560,9162,7,1,2018,1945,2,2,13,1,216239
561,7614,1,9,1970,719,3,3,11,0,415088
562,13823,5,8,1925,552,2,2,2,1,191463
563,1853,8,8,1939,2257,1,5,11,3,172013
564,11475,4,6,1904,2166,1,3,13,3,231693
565,11523,5,7,1920,3285,3,2,2,0,191964
566,1167,4,6,1977,1219,3,3,5,3,388877
567,9837,4,9,1903,905,3,1,3,2,259658
568,14159,8,3,1922,2794,2,4,12,3,479358
569,4219,2,3,2005,571,3,2,8,3,488895
570,19629,1,3,1983,2553,3,5,3,3,222687
571,7983,3,3,1914,1729,1,1,11,1,228625
572,1039,9,9,2013,2067,3,2,3,1,159264
573,5464,4,4,2015,4182,1,1,6,0,129071
574,5335,5,7,2008,3453,3,5,5,0,222074
575,6542,2,9,1992,4982,1,2,9,0,434755
576,15337,4,7,1907,1198,3,5,5,3,120658
577,7812,2,9,1940,1326,1,3,13,1,59852
578,5820,2,3,2011,848,2,5,7,2,317531
579,13716,4,4,1918,4408,1,3,6,3,439715
580,3279,6,8,2011,807,1,2,12,3,409439
581,17808,7,6,2002,3916,1,3,3,3,180381
582,2081,3,5,1945,2834,3,2,12,2,352138
583,13177,3,4,1927,3309,3,2,13,0,284484
584,6213,6,8,2009,4058,3,4,9,2,429056
585,17139,3,1,2020,4978,2,2,3,0,476941
586,5304,2,9,1990,3977,2,3,10,2,253754
587,18722,8,1,1967,3186,1,4,10,1,181632
588,10636,5,8,1914,3485,2,4,4,3,436354
589,509,1,4,1998,775,1,2,5,3,368709
590,19755,3,9,1936,3047,1,5,9,3,313456
591,5624,8,5,1900,3264,1,5,10,0,461421
592,1515,4,3,1966,836,2,4,4,2,438026
593,2693,7,9,2010,2473,3,2,6,1,454811
594,8915,2,9,1923,3479,2,5,12,2,137566
595,14050,7,4,1926,4468,1,2,9,3,333473
596,15012,5,4,1939,1410,1,2,4,1,284750
597,4658,5,8,1962,2496,2,4,8,1,380331
598,7470,6,2,1960,3629,1,4,12,3,125542
599,7438,9,9,1935,4704,1,1,9,2,158237
600,14272,6,6,1997,4257,2,5,11,3,426620
601,18517,8,9,1992,827,2,5,12,2,347789
602,10844,7,8,1923,2299,2,5,4,1,137502
603,7766,9,7,1923,814,1,3,3,1,399454
604,9202,4,1,2005,4045,1,2,11,3,381763
605,884,2,3,1903,1634,3,4,8,1,345657
606,904,7,2,1966,3246,3,5,13,0,58749
607,8675,6,5,1933,2020,2,1,10,1,211855
608,15658,1,5,1956,655,3,5,2,0,110645
609,13263,9,5,1948,2224,1,2,4,1,263933
610,18884,9,4,1986,3843,3,2,6,3,103175
611,10360,2,5,1952,1386,1,4,4,3,198395
612,6489,3,3,2019,3573,2,3,2,0,100762
613,15606,5,1,2015,3305,2,4,8,3,114222
614,18344,5,5,1922,1221,1,5,8,1,477709
615,4136,1,9,2008,1412,3,1,11,1,239400
616,11416,8,9,1968,3857,2,4,13,3,305539
617,5309,8,4,1994,1370,2,3,9,1,62213
618,13956,4,3,1952,4608,3,4,6,2,147367
619,15944,7,1,1961,997,3,2,11,2,228002
620,6497,3,2,1940,2256,1,5,13,1,208785
621,2548,6,8,1956,1617,3,5,6,3,157157
622,12838,9,1,2020,3909,3,5,6,0,279408
623,17600,1,8,1959,3328,3,5,2,3,82583
624,5044,5,7,1953,2147,1,5,11,0,178792
625,5476,4,8,1969,3483,1,5,6,3,129944
626,13275,8,6,2000,642,2,1,7,1,72369
627,10515,1,9,1956,3261,1,3,13,2,229000
628,3919,9,3,1909,3935,2,5,2,3,427988
629,14930,6,4,1939,2931,3,3,12,0,69510
630,7739,4,6,1906,2348,2,5,8,2,62120
631,14989,9,8,2002,3196,2,4,2,0,149847
632,17133,5,5,1937,2217,3,5,12,1,148575
633,10857,5,3,1984,3572,2,2,3,2,441413
634,17654,5,6,1960,1567,1,1,3,0,317439
635,4863,1,4,1983,3286,1,4,6,3,70460
636,10676,1,9,1902,4291,1,4,11,1,64963
637,17961,8,3,1950,1788,1,2,8,1,389260
638,8927,8,4,1985,4371,2,5,2,1,77328
639,9080,6,7,1946,2306,2,1,11,3,396773
640,5358,4,7,1967,2004,3,4,2,3,174034
641,10540,2,4,1991,3808,2,1,2,2,71605
642,19698,2,6,1975,3451,2,4,7,3,423045
643,15754,9,3,1937,571,2,5,3,2,225885
644,11970,5,6,2014,2190,3,4,2,1,227443
645,1752,4,2,1935,1844,1,4,7,2,158241
646,7496,1,8,2010,3803,2,3,3,0,359742
647,12673,7,2,1940,3613,3,5,7,1,241848
648,5173,3,7,1968,1382,3,2,11,1,304289
649,16281,6,9,1912,4734,3,2,9,2,384402
650,13551,5,1,1986,3162,1,5,3,1,353113
651,7381,5,8,1957,2004,2,2,12,3,217984
652,7449,5,7,1949,2963,3,5,10,0,219446
653,10021,1,6,1929,3053,1,2,9,2,253374
654,8517,1,6,1961,1232,3,3,13,2,112784
655,7441,3,6,2000,2248,3,2,11,1,493098
656,10709,4,9,1924,4424,3,4,2,3,459144
657,18215,5,2,2011,923,3,5,8,1,71274
658,10050,2,1,1926,3978,3,1,11,1,179994
659,5137,8,6,1950,2091,1,1,7,2,346560
660,5354,2,8,1977,4985,2,5,7,1,267220
661,10820,9,3,1956,4937,2,3,7,0,242070
662,19064,2,1,2011,992,2,2,7,1,412578
663,5392,9,9,1946,691,2,3,11,1,293768
664,7543,7,1,2017,998,1,1,8,2,472263
665,17021,8,3,1999,1756,1,5,13,1,486572
666,19716,2,8,1938,2468,1,5,4,3,218206
667,4664,7,3,1915,4822,3,3,7,2,363454
668,8441,6,4,2019,2686,3,3,4,1,392902
669,14888,4,8,1921,1316,3,2,8,0,193435
670,6069,7,1,1984,3720,2,4,8,0,487779
671,4800,4,6,1953,1973,3,4,9,2,342772
672,6769,2,1,1920,1586,2,2,3,2,119672
673,4318,7,1,1971,4699,3,4,10,1,96246
674,12515,8,8,2012,2374,2,1,6,3,454377
675,12734,2,4,1915,1370,3,4,10,1,139110
676,18790,5,1,1958,2542,3,2,11,0,314954
677,6754,1,7,2018,772,1,4,6,3,240932
678,17644,7,5,1930,1529,3,5,8,3,258271
679,7850,8,5,1941,3718,3,3,12,3,121688
680,15683,6,1,1973,4569,1,1,10,1,377692
681,6738,5,6,1931,1551,2,5,5,0,243435
682,6590,6,9,1958,4533,1,5,3,2,323306
683,12137,2,9,1933,2073,1,2,10,1,400002
684,13147,1,8,1908,3690,2,3,3,2,123535
685,10411,7,5,1980,4888,3,3,4,3,450435
686,8972,7,1,1910,4297,2,1,11,3,120864
687,18771,2,9,1995,3789,3,2,3,1,184693
688,3766,2,1,1909,4247,3,1,4,0,168371
689,1166,1,8,1985,2605,2,4,7,3,139792
690,4688,8,5,2020,807,1,5,4,2,225505
691,17555,8,3,1916,3859,2,1,11,2,307416
692,10661,1,7,1967,3676,3,5,9,1,116188
693,11814,8,7,1947,1751,2,2,12,2,236023
694,13391,9,9,1951,3247,2,4,7,0,393862
695,5277,4,7,2010,2017,3,2,8,3,288188
696,4400,1,3,1924,1878,1,4,2,2,86558
697,14216,1,1,1920,2461,2,4,4,2,178938
698,7481,3,8,2000,4805,3,5,4,3,196731
699,6876,5,3,2001,3363,3,2,3,1,346557
700,17407,5,8,2012,3156,2,2,8,2,322579
701,19277,9,8,1964,2994,1,1,10,1,300272
702,19477,2,5,1962,4505,2,2,5,1,497127
703,10660,2,1,1988,4063,1,1,13,2,78067
704,14624,6,7,1950,1422,1,3,6,0,137794
705,16782,9,5,1935,4732,1,3,4,1,405967
706,10988,1,8,1980,4962,1,3,12,2,381368
707,5740,9,9,2004,3459,2,2,10,1,51379
708,10953,9,7,1987,683,3,2,5,3,414691
709,10978,9,7,1965,3858,3,1,6,0,158541
710,12894,5,1,2003,1898,3,4,2,0,470840
711,19762,9,4,1914,3296,3,1,12,3,269499
712,4932,4,2,1995,1036,3,3,13,3,164634
713,14068,2,2,1938,1773,3,1,3,1,303579
714,14678,6,2,1969,3467,2,4,13,3,440845
715,18160,4,4,1900,3549,1,2,10,0,369889
716,802,6,1,2010,1596,3,1,3,3,495021
717,17522,3,4,1922,1805,2,3,6,2,153915
718,555,6,2,1938,1415,3,3,9,2,455732
719,13513,2,5,1956,3581,3,2,4,1,260494
720,9217,2,3,1980,4747,1,1,7,0,266915
721,8650,9,8,1933,1528,1,4,5,2,179560
722,2625,7,4,1940,2477,1,2,12,3,205915
723,11979,3,1,1992,3854,3,1,8,2,186984
724,16245,1,1,1972,3011,3,5,11,2,202586
725,17248,8,3,1912,770,3,3,4,1,268431
726,7309,6,9,1969,1686,1,4,7,3,238104
727,5121,7,7,1905,4700,2,4,13,3,472013
728,15534,9,2,1983,4264,3,4,11,3,187521
729,14123,5,9,1951,2898,3,3,10,1,182797
730,5626,1,2,2016,4735,3,1,12,3,393550
731,5622,7,3,1902,4682,2,2,11,3,59304
732,18530,5,2,1980,2211,3,1,2,2,175555
733,17802,3,3,1962,2730,2,2,4,2,456879
734,19681,9,6,1948,628,3,4,3,3,382464
735,6370,1,9,1975,1769,2,1,9,0,144488
736,2031,1,9,2011,4172,3,4,8,0,308490
737,8672,1,7,1946,2101,1,5,3,3,387735
738,8173,3,3,2008,4470,1,4,7,0,407188
739,7382,6,4,1954,4744,1,4,4,1,193748
740,2406,3,6,1963,1127,1,2,9,2,337336
741,3586,8,5,1964,4297,3,5,11,1,311602
742,14003,2,2,1980,2544,1,4,4,2,467938
743,8652,9,6,1966,4052,2,4,11,0,188518
744,6250,3,3,1989,2841,1,5,10,0,431448
745,13272,5,8,1914,3714,1,5,2,3,447941
746,10767,8,2,1999,749,1,1,6,0,266669
747,1562,2,1,1931,3425,3,2,4,0,138207
748,18860,6,9,1995,1474,1,5,7,3,238704
749,18180,5,3,1967,1825,2,5,11,3,248017
750,6729,9,1,1917,1483,1,3,3,2,123741
751,17009,5,7,2012,1388,1,5,10,0,66365
752,15647,2,5,1982,3437,1,2,7,2,377936
753,5132,5,5,1942,2617,2,4,8,2,245929
754,6788,4,1,2015,3172,1,4,6,1,297481
755,4096,7,9,1934,1826,2,4,10,0,196776
756,11975,6,7,2003,970,2,4,2,0,362719
757,6668,2,8,1977,2487,1,3,6,1,210974
758,10295,5,9,1957,590,2,5,12,2,431785
759,8061,7,6,1932,1029,3,4,11,0,282366
760,8758,7,5,1913,4559,1,1,12,2,444411
761,17116,5,6,1933,3273,1,4,7,1,300319
762,6871,9,2,1960,2186,2,5,8,3,365661
763,14869,4,4,2018,691,2,4,13,2,84012
764,13410,3,3,1903,2486,1,3,5,0,192487
765,8443,4,7,1987,4123,3,2,13,3,482750
766,12699,5,9,1958,2685,2,2,2,2,71686
767,16228,6,5,1928,4940,2,5,12,2,258270
768,7238,3,6,1982,1508,3,2,9,3,209815
769,16413,2,2,1905,4283,3,2,11,3,82161
770,2972,4,3,2020,4798,1,1,5,3,297066
771,19623,5,3,1996,4787,3,5,4,0,289689
772,16179,4,9,1948,2552,1,5,13,0,314546
773,2261,3,7,1939,3808,3,2,8,2,113190
774,10667,8,8,1982,2216,2,2,13,2,296256
775,11054,4,9,2016,810,1,2,3,1,495767
776,17760,2,6,1964,1760,1,3,9,0,325419
777,14777,2,4,1968,4432,1,4,7,2,209254
778,4312,1,1,1926,3768,3,3,8,3,64915
779,18344,4,8,1979,1084,2,5,6,3,313053
780,18617,9,7,1905,3299,1,1,10,0,426254
781,2105,7,2,2003,859,1,4,6,3,115908
782,6122,7,8,1912,3366,1,1,12,1,177337
783,7267,7,5,2011,2511,1,5,6,2,334764
784,12113,8,7,1963,4506,2,5,4,2,84112
785,11089,1,4,1961,2125,3,1,12,2,255123
786,14418,8,5,1998,3264,2,1,2,0,52431
787,13546,4,8,1918,1390,1,1,3,3,136590
788,3090,4,1,1975,1231,2,5,9,1,374319
789,17947,4,1,1979,4461,1,2,2,0,167472
790,4824,6,4,1942,3004,3,1,8,2,344768
791,11287,7,3,1973,1114,3,4,6,1,257193
792,9611,6,2,1988,4306,3,5,4,2,111264
793,5842,1,3,1919,2219,1,3,13,2,425910
794,16889,8,1,1994,2087,2,3,13,0,213030
795,9159,7,1,1967,2111,3,4,12,2,444911
796,14543,6,6,1943,1396,1,2,8,1,412355
797,9337,6,5,1922,777,1,1,10,2,169502
798,617,5,8,1901,2136,2,5,3,3,493148
799,14417,6,2,2019,2658,3,1,9,2,280395
800,19435,9,4,1921,2932,1,5,10,0,356369
801,14809,9,8,2014,4404,2,3,12,1,182475
802,13734,8,6,1956,3762,3,1,4,0,255463
803,6060,9,1,2000,1949,2,4,3,3,219708
804,1346,8,4,1971,1732,2,2,8,2,322983
805,11454,8,1,1906,4617,1,4,6,0,285706
806,14203,1,2,1977,1177,1,2,6,0,228901
807,15885,5,5,1955,3158,1,1,11,0,190302
808,14246,4,8,2018,2528,2,1,6,0,101977
809,6969,2,8,1966,4258,1,2,5,3,483448
810,9833,8,3,2013,2537,2,3,6,3,425194
811,17108,3,4,1915,3149,2,5,5,2,275864
812,13319,4,6,2018,1156,1,4,7,2,75651
813,4708,7,3,1982,665,3,4,5,1,147919
814,6783,9,2,1950,1089,3,4,3,3,352107
815,2548,2,6,1981,3321,3,1,10,0,236944
816,6733,3,5,2015,4758,2,4,3,0,167776
817,13441,4,5,1979,1762,2,5,10,1,391342
818,13107,1,5,1971,571,2,5,11,0,194811
819,10265,7,5,1996,4016,1,2,7,1,180697
820,2328,2,3,2012,4080,2,1,10,2,375438
821,2417,5,7,1911,768,1,5,10,3,229428
822,7488,1,6,1952,2276,1,3,4,1,51789
823,18910,3,4,1974,2962,3,1,2,0,462636
824,15094,2,2,1904,1768,3,1,2,1,401441
825,13477,1,9,1926,1515,3,5,4,2,286974
826,509,7,1,1911,3222,1,3,6,0,311413
827,17144,5,4,1916,1583,1,2,4,2,218678
828,10365,1,1,1905,4601,1,5,13,2,481856
829,2719,6,6,1996,906,2,3,10,1,430485
830,7541,5,4,1904,3576,1,1,10,2,94135
831,18944,3,5,1956,1485,3,3,4,0,87067
832,5787,7,5,1927,4103,3,1,4,2,329501
833,2119,9,9,1977,4985,1,5,13,2,220923
834,9012,9,1,1968,1209,1,5,6,1,350406
835,1842,9,2,2017,3118,3,4,3,2,257925
836,11068,2,6,2019,1911,1,4,7,3,370787
837,19716,3,5,1958,1985,3,4,8,1,464750
838,19708,7,7,1932,3450,2,5,10,1,403414
839,18878,5,3,1961,3434,3,2,7,0,213944
840,14731,2,3,1949,4614,2,5,4,0,450905
841,3990,3,2,2011,1503,1,3,13,0,119103
842,9810,6,3,2004,2966,1,5,6,0,398412
843,8484,7,1,1918,2966,2,5,5,3,136310
844,18488,9,5,1985,2438,1,1,6,1,87412
845,12719,1,5,1968,2439,2,1,9,2,359878
846,735,7,7,1965,2135,1,1,9,0,399937
847,10661,8,4,1993,2198,3,5,7,0,251002
848,2408,3,3,1946,2591,1,2,2,0,72228
849,9067,4,1,1938,2395,3,3,9,2,170627
850,4030,6,8,1967,4740,3,3,9,0,390068
851,5756,7,3,1932,3898,2,2,3,2,61319
852,19519,4,2,1912,1573,1,2,5,1,56475
853,8662,8,4,1983,2902,2,3,13,1,278163
854,19444,5,3,1953,3712,1,4,3,1,195800
855,5915,1,1,1906,4537,3,1,5,3,291382
856,3891,4,3,1978,1651,3,1,13,2,341689
857,11657,3,2,1986,2945,1,3,11,0,408780
858,6451,9,8,1913,2456,1,2,8,0,279484
859,8507,8,6,1986,4407,2,4,10,0,242828
860,9564,1,9,1918,1307,1,3,9,0,249847
861,16024,6,8,1953,686,1,1,13,3,481915
862,19782,9,3,1992,1807,1,5,10,0,480037
863,577,7,5,2019,2784,2,2,9,3,342759
864,8077,4,7,1919,1257,1,5,3,2,325890
865,17484,1,5,1928,4731,3,3,8,1,203817
866,14560,2,8,1923,4354,2,1,3,0,313389
867,17949,5,5,1981,4766,2,4,13,1,167408
868,19020,5,1,1962,2706,3,5,12,2,162143
869,11035,8,5,1973,4058,3,4,3,2,468069
870,10010,6,4,2004,2080,3,1,5,0,339776
871,7443,8,6,1956,1461,1,5,2,2,325000
872,12454,2,3,1907,4347,3,4,6,1,237965
873,8304,3,5,1989,4075,1,4,7,0,282298
874,7065,6,2,1961,1375,2,5,10,3,118049
875,6484,3,6,1928,2918,2,1,11,0,370326
876,5170,6,6,1973,4698,3,4,9,1,446017
877,19074,6,5,1916,1501,1,3,3,0,278953
878,9684,2,6,1965,3884,3,5,2,0,260503
879,19596,7,7,1905,4566,3,2,3,1,220821
880,2692,2,5,1957,3345,1,2,8,0,254829
881,1748,6,1,1968,1981,3,1,5,0,367798
882,11746,1,8,1927,3801,2,3,11,1,252646
883,13290,3,4,1961,1157,3,4,6,2,367525
884,18881,2,9,1940,3280,1,2,13,1,108601
885,4187,7,6,1968,922,1,1,8,0,196154
886,4518,4,1,1981,4181,2,3,4,3,195720
887,11802,8,3,1989,4766,1,3,11,3,312508
888,2470,6,3,1983,3210,1,1,3,1,215640
889,8889,4,4,1940,952,2,1,8,3,255704
890,18086,5,6,1948,2897,3,4,6,0,319580
891,15874,9,7,1990,2475,2,1,2,0,398857
892,6288,7,4,1948,2157,3,4,2,1,469970
893,5908,9,6,1975,3041,2,4,10,0,372338
894,9946,7,1,1970,3575,3,5,6,2,74544
895,1422,1,8,1902,3664,2,3,2,0,113295
896,919,8,7,1909,3466,3,3,8,1,455854
897,19088,4,9,1997,2553,2,3,10,2,246787
898,11289,3,3,1988,787,3,5,12,2,119409
899,1620,7,2,1934,3717,2,4,2,3,299720
900,11760,3,1,1979,4354,1,4,11,0,176839
901,17834,8,3,1901,1947,3,1,5,1,425903
902,2836,6,5,1923,1107,2,5,4,3,329301
903,5873,5,2,1973,2264,3,1,6,3,226637
904,2743,4,3,1937,1725,3,5,8,0,251068
905,19529,8,4,1921,1735,2,1,9,0,115888
906,5112,8,7,1925,1529,3,2,3,1,237167
907,14446,1,3,1942,3171,2,3,8,3,377091
908,18749,9,9,1954,4462,1,3,2,1,383024
909,11604,5,8,1938,3677,3,4,8,3,54507
910,13929,4,4,1990,4222,1,2,9,3,415278
911,6871,6,1,1928,1975,3,3,3,3,93988
912,6859,6,1,2010,3396,3,4,10,0,410565
913,8363,2,1,2001,1308,3,2,2,3,197937
914,3728,8,1,1919,1478,2,3,7,3,414735
915,14882,7,8,1990,2963,1,1,2,3,441758
916,19255,1,3,1940,1225,3,5,4,2,77213
917,3391,5,6,1953,3001,2,2,12,0,499170
918,4256,6,3,1919,3862,3,4,7,2,107450
919,16270,4,5,2007,1716,2,2,4,0,447693
920,16978,2,7,1918,4551,3,4,9,1,112222
921,3174,4,2,1983,2697,1,2,6,2,449749
922,7398,1,6,1998,3306,1,4,3,1,492611
923,10647,7,6,2010,1278,3,3,5,3,204468
924,1293,2,3,1965,1472,2,1,10,1,62755
925,2616,2,6,1929,3310,3,3,5,1,181937
926,6279,9,5,1952,2623,2,1,11,1,192245
927,12798,5,2,1933,1098,3,3,11,1,239977
928,14653,2,9,1921,3841,2,3,9,0,219169
929,11611,9,8,1966,724,1,2,6,2,345515
930,11289,9,3,1905,1340,3,5,12,0,285132
931,11897,1,8,1978,2314,1,4,12,0,454470
932,13499,3,9,1926,1606,1,4,11,0,185090
933,1314,4,3,1909,624,3,4,2,1,317336
934,17229,7,3,1972,3746,3,1,8,0,314159
935,11041,4,2,1996,3431,2,4,4,2,420298
936,2943,2,8,1995,4625,2,4,11,0,249988
937,10957,7,1,1947,3471,1,2,9,3,78343
938,10880,6,8,1969,2517,2,3,13,1,381450
939,8283,3,7,2004,2915,2,4,4,3,55829
940,11973,6,7,1958,3596,3,5,2,2,84381
941,17868,6,3,1999,2109,2,4,6,2,423595
942,15828,5,1,1958,1217,1,1,3,2,262153
943,1327,4,4,1901,4061,2,1,12,2,330407
944,7647,1,9,1928,1516,1,1,5,0,284748
945,4951,6,5,1967,4065,3,4,2,1,496476
946,15843,2,1,1964,4970,1,2,10,2,486522
947,14135,3,5,1982,2460,2,5,7,3,370562
948,6459,8,8,1925,1548,3,4,9,2,271970
949,626,6,8,1988,1857,2,2,12,1,50148
950,9295,3,5,1909,3926,3,2,5,3,444970
951,12141,7,9,1952,615,3,4,10,3,338889
952,7696,4,1,1978,2595,2,4,3,3,122914
953,12059,9,4,1958,2301,2,2,10,0,499049
954,3868,5,3,1921,2646,3,2,13,2,463356
955,4297,3,2,1950,2120,3,2,6,0,110653
956,15614,2,8,1947,3450,2,4,7,3,273607
957,14218,2,7,1920,4292,1,2,4,0,242593
958,2292,3,9,2019,3441,2,1,5,0,390459
959,11553,2,2,1921,1477,3,4,7,0,343219
960,3976,4,4,1999,3566,2,1,8,2,473913
961,3917,2,6,1997,1283,1,3,2,3,497760
962,2145,9,3,1929,740,2,4,8,3,59795
963,15255,2,8,1924,2053,3,3,2,2,114555
964,19914,9,3,2008,1512,2,2,6,0,495420
965,19756,6,2,1927,686,3,2,7,0,285068
966,3572,1,3,1964,2381,3,5,3,1,153107
967,2354,4,6,2012,930,2,2,11,1,363673
968,5162,1,2,1944,738,3,3,10,1,454888
969,7014,6,8,1967,2845,3,2,11,2,497454
970,3208,4,1,1906,575,1,4,7,3,277650
971,12194,3,7,1948,1856,1,2,8,1,217022
972,10024,3,2,1908,2830,1,5,11,3,61009
973,6956,9,6,1935,2402,1,2,9,3,228168
974,4712,6,2,1982,4513,3,3,12,3,200616
975,13724,9,2,1900,2559,2,3,11,2,498944
976,8470,5,8,1909,640,3,2,2,2,79381
977,17420,2,2,1935,2289,3,3,9,2,439913
978,2125,8,7,1972,4126,3,3,5,2,468503
979,10814,5,3,2008,516,2,5,11,1,376754
980,8473,2,8,1945,4848,1,4,9,0,118122
981,9077,4,7,2005,964,3,5,7,0,380328
982,8570,9,8,1931,4971,3,1,12,0,483297
983,9166,4,7,1931,2327,1,5,10,1,264709
984,4100,4,6,1905,3528,3,2,12,0,488528
985,7283,2,7,1947,1019,2,4,5,1,137228
986,13726,6,5,1937,589,3,2,3,1,385087
987,9646,2,7,1916,3351,3,1,3,1,130770
988,5471,7,1,1973,3343,1,4,6,0,102726
989,13990,3,1,2013,2384,3,3,11,3,465427
990,18089,3,9,1926,4671,3,5,10,0,472696
991,13451,5,5,1953,1425,2,2,13,0,359924
992,12812,3,5,1949,4234,1,1,4,2,238210
993,2490,2,3,1934,1469,1,3,9,1,271454
994,5799,9,5,2015,1594,2,5,5,3,354647
995,13497,2,3,1984,3695,3,3,7,2,370037
996,13972,2,9,1924,1904,1,5,11,3,227265
997,4880,8,9,1927,3864,1,4,7,3,295074
998,5257,9,6,2010,4790,3,3,4,1,373502
999,19597,7,1,1914,4482,3,3,6,0,130857
